{
  "model_name": "lgbm_rank",
  "best_iteration": 6,
  "n_features": 173,
  "train_time_s": 169.8,
  "metrics": {
    "train_rank_ic_mean": 0.06822998226798982,
    "train_rank_ic_std": 0.12422184608318393,
    "train_rank_ic_ir": 0.5492591232487423,
    "train_rank_ic_n_days": 727,
    "valid_rank_ic_mean": 0.0577321062247172,
    "valid_rank_ic_std": 0.1598436126536005,
    "valid_rank_ic_ir": 0.36117868750770366,
    "valid_rank_ic_n_days": 242,
    "test_rank_ic_mean": 0.06880174060732792,
    "test_rank_ic_std": 0.147039605737813,
    "test_rank_ic_ir": 0.46791298345840665,
    "test_rank_ic_n_days": 230
  }
}